id,start_frame,start_t,end_frame,end_t,server,winner,ending,start_known,source
1,24,0.2,281,2.341666666666667,,,unknown,0,Extended OpenTT Games (moamal01/table_tennis_data)
2,1236,10.3,2063,17.191666666666666,,,unknown,0,Extended OpenTT Games (moamal01/table_tennis_data)
3,2896,24.133333333333333,3310,27.583333333333332,,far,net,0,Extended OpenTT Games (moamal01/table_tennis_data)
4,5243,43.69166666666667,5736,47.8,near,far,out,1,Extended OpenTT Games (moamal01/table_tennis_data)
5,6660,55.5,6833,56.94166666666667,near,far,out,1,Extended OpenTT Games (moamal01/table_tennis_data)
6,8111,67.59166666666667,8367,69.725,far,far,net,1,Extended OpenTT Games (moamal01/table_tennis_data)
7,9238,76.98333333333333,9547,79.55833333333334,far,near,winner,1,Extended OpenTT Games (moamal01/table_tennis_data)
8,10808,90.06666666666666,10947,91.225,near,near,out,1,Extended OpenTT Games (moamal01/table_tennis_data)
9,12100,100.83333333333333,12495,104.125,near,near,net,1,Extended OpenTT Games (moamal01/table_tennis_data)
10,13613,113.44166666666666,13867,115.55833333333334,far,far,net,1,Extended OpenTT Games (moamal01/table_tennis_data)
11,14925,124.375,15948,132.9,far,near,out,1,Extended OpenTT Games (moamal01/table_tennis_data)
12,17170,143.08333333333334,17373,144.775,near,far,net,1,Extended OpenTT Games (moamal01/table_tennis_data)
13,17976,149.8,18412,153.43333333333334,near,far,out,1,Extended OpenTT Games (moamal01/table_tennis_data)
14,19648,163.73333333333332,19967,166.39166666666668,far,near,net,1,Extended OpenTT Games (moamal01/table_tennis_data)
15,21107,175.89166666666668,21322,177.68333333333334,far,near,out,1,Extended OpenTT Games (moamal01/table_tennis_data)
16,22826,190.21666666666667,23160,193.0,near,far,double_bounce,1,Extended OpenTT Games (moamal01/table_tennis_data)
17,24020,200.16666666666666,24160,201.33333333333334,near,far,winner,1,Extended OpenTT Games (moamal01/table_tennis_data)
18,25420,211.83333333333334,25697,214.14166666666668,far,near,net,1,Extended OpenTT Games (moamal01/table_tennis_data)
19,27001,225.00833333333333,27458,228.81666666666666,far,far,out,1,Extended OpenTT Games (moamal01/table_tennis_data)
20,28520,237.66666666666666,28992,241.6,near,far,net,1,Extended OpenTT Games (moamal01/table_tennis_data)
21,30128,251.06666666666666,30215,251.79166666666666,near,near,net,1,Extended OpenTT Games (moamal01/table_tennis_data)
22,31251,260.425,31684,264.03333333333336,far,far,net,1,Extended OpenTT Games (moamal01/table_tennis_data)
23,34903,290.85833333333335,35374,294.78333333333336,near,near,miss_on_own_side,1,Extended OpenTT Games (moamal01/table_tennis_data)
24,36545,304.5416666666667,36661,305.5083333333333,near,near,net,1,Extended OpenTT Games (moamal01/table_tennis_data)
25,37287,310.725,37582,313.18333333333334,far,near,miss_on_own_side,1,Extended OpenTT Games (moamal01/table_tennis_data)
26,38694,322.45,38783,323.19166666666666,far,far,net,1,Extended OpenTT Games (moamal01/table_tennis_data)
27,39969,333.075,40222,335.18333333333334,near,near,net,1,Extended OpenTT Games (moamal01/table_tennis_data)
28,41475,345.625,41585,346.5416666666667,near,near,net,1,Extended OpenTT Games (moamal01/table_tennis_data)
29,42033,350.275,42242,352.01666666666665,far,near,out,1,Extended OpenTT Games (moamal01/table_tennis_data)
30,42985,358.2083333333333,43265,360.5416666666667,far,far,winner,1,Extended OpenTT Games (moamal01/table_tennis_data)
31,44298,369.15,44398,369.98333333333335,near,near,net,1,Extended OpenTT Games (moamal01/table_tennis_data)
32,45278,377.31666666666666,45413,378.44166666666666,near,near,out,1,Extended OpenTT Games (moamal01/table_tennis_data)
33,46714,389.28333333333336,47123,392.69166666666666,far,near,winner,1,Extended OpenTT Games (moamal01/table_tennis_data)
34,48229,401.90833333333336,48502,404.18333333333334,far,near,net,1,Extended OpenTT Games (moamal01/table_tennis_data)
35,51386,428.21666666666664,51497,429.14166666666665,near,,unknown,1,Extended OpenTT Games (moamal01/table_tennis_data)
36,52824,440.2,52952,441.26666666666665,near,near,net,1,Extended OpenTT Games (moamal01/table_tennis_data)
37,53649,447.075,53844,448.7,near,near,winner,1,Extended OpenTT Games (moamal01/table_tennis_data)
38,54527,454.39166666666665,54808,456.73333333333335,far,far,out,1,Extended OpenTT Games (moamal01/table_tennis_data)
39,56005,466.7083333333333,56126,467.71666666666664,far,far,out,1,Extended OpenTT Games (moamal01/table_tennis_data)
40,57370,478.0833333333333,57528,479.4,near,far,out,1,Extended OpenTT Games (moamal01/table_tennis_data)
41,58860,490.5,59044,492.03333333333336,near,far,miss_on_own_side,1,Extended OpenTT Games (moamal01/table_tennis_data)
42,60508,504.23333333333335,60974,508.1166666666667,far,near,out,1,Extended OpenTT Games (moamal01/table_tennis_data)
43,63054,525.45,63171,526.425,far,far,out,1,Extended OpenTT Games (moamal01/table_tennis_data)
44,64627,538.5583333333333,64993,541.6083333333333,near,far,out,1,Extended OpenTT Games (moamal01/table_tennis_data)
45,66358,552.9833333333333,66582,554.85,near,near,winner,1,Extended OpenTT Games (moamal01/table_tennis_data)
46,68017,566.8083333333333,68510,570.9166666666666,far,near,out,1,Extended OpenTT Games (moamal01/table_tennis_data)
47,69805,581.7083333333334,69973,583.1083333333333,far,,unknown,1,Extended OpenTT Games (moamal01/table_tennis_data)
48,70384,586.5333333333333,70728,589.4,far,near,out,1,Extended OpenTT Games (moamal01/table_tennis_data)
49,72144,601.2,72302,602.5166666666667,near,,unknown,1,Extended OpenTT Games (moamal01/table_tennis_data)
50,72871,607.2583333333333,73471,612.2583333333333,near,far,not_hitting_ball,1,Extended OpenTT Games (moamal01/table_tennis_data)
51,74788,623.2333333333333,74976,624.8,near,near,out,1,Extended OpenTT Games (moamal01/table_tennis_data)
52,75831,631.925,76152,634.6,far,far,miss_on_own_side,1,Extended OpenTT Games (moamal01/table_tennis_data)
53,77542,646.1833333333333,77668,647.2333333333333,far,far,out,1,Extended OpenTT Games (moamal01/table_tennis_data)
54,78834,656.95,79438,661.9833333333333,near,far,net,1,Extended OpenTT Games (moamal01/table_tennis_data)
55,80285,669.0416666666666,80406,670.05,near,far,not_hitting_ball,1,Extended OpenTT Games (moamal01/table_tennis_data)
